Metric,Value
Accuracy,0.7603333333333333
Macro Precision,0.6788547208991612
Macro Recall,0.5862778569213327
Macro F1-score,0.6157013494159906
Balanced Accuracy,0.5862778569213327
