Metric,Value
Accuracy,0.7744444444444445
Macro Precision,0.6926830374675417
Macro Recall,0.6993029296297719
Macro F1-score,0.6957649174282017
Balanced Accuracy,0.6993029296297719
