,precision,recall,f1-score,support
Ae.Albopictus_F,0.6952662721893491,0.7197549770290965,0.7072987208427389,653.0
Ae.Albopictus_M,0.710820895522388,0.691470054446461,0.7010119595216191,551.0
An.Dirus_F,0.48324022346368717,0.48324022346368717,0.48324022346368717,358.0
An.Dirus_M,0.695024077046549,0.7401709401709402,0.7168874172185431,585.0
Noise,0.8790637191157347,0.861878453038674,0.8703862660944206,2353.0
accuracy,0.7744444444444445,0.7744444444444445,0.7744444444444445,0.7744444444444445
macro avg,0.6926830374675417,0.6993029296297719,0.6957649174282017,4500.0
weighted avg,0.7763771567386746,0.7744444444444445,0.7752270394666089,4500.0
